c1,c2,c3,c4,c5,c6,c7,c8,c9,c10,c11,c12,c13,c14,c15,c16,c17,c18
0.0000,0.0087,0.0000,0.0046,0.0013,0.0052,0.0006,0.0095,0.0319,0.0416,0.0998,0.0525,0.0663,0.1033,0.0229,0.0145,0.0187,0.0067
0.0087,0.0101,0.0035,0.0001,0.0021,0.0041,0.0020,0.0331,0.0174,0.0112,0.0277,0.0196,0.0267,0.0325,0.0095,0.0063,0.0073,0.0056
0.0000,0.0035,0.0040,0.0124,0.0000,0.0031,0.0046,0.0151,0.0939,0.0591,0.0561,0.0342,0.0231,0.0372,0.0157,0.0080,0.0106,0.0044
0.0046,0.0001,0.0124,0.0189,0.0072,0.0002,0.0033,0.0043,0.0138,0.0811,0.0416,0.0302,0.0304,0.0223,0.0063,0.0086,0.0064,0.0060
0.0013,0.0021,0.0000,0.0072,0.0159,0.0142,0.0006,0.0289,0.0281,0.0151,0.0663,0.0225,0.0298,0.0241,0.0137,0.0038,0.0086,0.0041
0.0052,0.0041,0.0031,0.0002,0.0142,0.0129,0.1023,0.0003,0.0071,0.0048,0.0075,0.0244,0.0289,0.0238,0.0124,0.0082,0.0069,0.0103
0.0006,0.0020,0.0046,0.0033,0.0006,0.1023,0.0029,0.1152,0.0006,0.0093,0.0125,0.0081,0.0256,0.0333,0.0090,0.0102,0.0106,0.0094
0.0095,0.0331,0.0151,0.0043,0.0289,0.0003,0.1152,0.0158,0.0143,0.0002,0.0041,0.0055,0.0043,0.0140,0.0035,0.0081,0.0113,0.0044
0.0319,0.0174,0.0939,0.0138,0.0281,0.0071,0.0006,0.0143,0.0290,0.0074,0.0000,0.0024,0.0048,0.0087,0.0063,0.0074,0.0079,0.0047
0.0416,0.0112,0.0591,0.0811,0.0151,0.0048,0.0093,0.0002,0.0074,0.0108,0.0029,0.0001,0.0024,0.0155,0.0041,0.0112,0.0108,0.0119
0.0998,0.0277,0.0561,0.0416,0.0663,0.0075,0.0125,0.0041,0.0000,0.0029,0.0105,0.0038,0.0000,0.0019,0.0065,0.0063,0.0244,0.0239
0.0525,0.0196,0.0342,0.0302,0.0225,0.0244,0.0081,0.0055,0.0024,0.0001,0.0038,0.0108,0.0046,0.0000,0.0049,0.0125,0.0074,0.0779
0.0663,0.0267,0.0231,0.0304,0.0298,0.0289,0.0256,0.0043,0.0048,0.0024,0.0000,0.0046,0.0227,0.0009,0.0003,0.0064,0.0049,0.0266
0.1033,0.0325,0.0372,0.0223,0.0241,0.0238,0.0333,0.0140,0.0087,0.0155,0.0019,0.0000,0.0009,0.0030,0.0242,0.0002,0.0015,0.0121
0.0229,0.0095,0.0157,0.0063,0.0137,0.0124,0.0090,0.0035,0.0063,0.0041,0.0065,0.0049,0.0003,0.0242,0.0527,0.0438,0.0001,0.0078
0.0145,0.0063,0.0080,0.0086,0.0038,0.0082,0.0102,0.0081,0.0074,0.0112,0.0063,0.0125,0.0064,0.0002,0.0438,0.0656,0.0303,0.0002
0.0187,0.0073,0.0106,0.0064,0.0086,0.0069,0.0106,0.0113,0.0079,0.0108,0.0244,0.0074,0.0049,0.0015,0.0001,0.0303,0.0158,0.0042
0.0067,0.0056,0.0044,0.0060,0.0041,0.0103,0.0094,0.0044,0.0047,0.0119,0.0239,0.0779,0.0266,0.0121,0.0078,0.0002,0.0042,0.0059