c1,c2,c3,c4,c5,c6,c7,c8,c9,c10,c11,c12,c13,c14,c15,c16,c17,c18,c19,c20,c21,c22,c23,c24,c25,c26,c27,c28,c29,c30
0.0000,0.0015,0.0000,0.0001,0.0011,0.0057,0.4899,0.0404,0.0073,0.0019,0.0034,0.0037,0.0115,0.0030,0.0539,0.0018,0.8902,0.0021,0.0021,0.0088,0.0027,0.0060,0.0206,0.0058,0.0104,0.0490,0.0159,0.0054,0.6308,0.1609
0.0015,0.2160,0.0358,0.0001,0.0012,0.0001,0.0004,0.0018,0.0030,0.0015,0.0037,0.0035,0.0099,0.0025,0.0071,0.0037,0.0500,0.0024,0.0269,0.0132,0.0477,0.0163,0.0483,0.0105,0.0037,0.0303,0.0118,0.0105,0.1291,0.1132
0.0000,0.0358,0.4969,0.6877,0.0000,0.0001,0.0004,0.0009,0.0111,0.0015,0.0054,0.0067,0.0086,0.0018,0.0035,0.0013,0.0157,0.0027,0.6501,0.1573,0.9014,0.0356,0.0289,0.0157,0.0013,0.0095,0.0029,0.0134,0.0088,0.0136
0.0001,0.0001,0.6877,0.0757,0.0002,0.0000,0.0000,0.0000,0.0001,0.0003,0.0007,0.0006,0.0007,0.0008,0.0019,0.0013,0.0849,0.0098,1.0000,1.0000,1.0000,0.0435,0.0159,0.0066,0.0006,0.0049,0.0044,0.0027,0.0027,0.0064
0.0011,0.0012,0.0000,0.0002,0.0007,0.0001,0.0000,0.0000,0.0000,0.0000,0.0015,0.0018,0.0078,0.0027,0.0070,0.0007,0.9995,0.1386,1.0000,0.0153,0.1723,0.5909,0.0273,0.1167,0.0015,0.9243,0.0027,0.0062,0.5765,0.3843
0.0057,0.0001,0.0001,0.0000,0.0001,0.0877,0.0017,0.0000,0.0004,0.0001,0.0051,0.0064,0.0093,0.0034,0.0090,0.0188,0.4453,1.0000,0.0149,0.9988,0.0084,0.0033,0.0180,0.0067,0.0059,0.0036,0.0055,0.0079,0.0029,0.0033
0.4899,0.0004,0.0004,0.0000,0.0000,0.0017,0.0261,0.0002,0.0001,0.0000,0.0010,0.0021,0.0286,0.1909,1.0000,0.0536,0.9990,0.0165,0.0010,0.0174,0.0031,0.0047,0.0884,0.0084,0.0066,0.0088,0.0088,0.0046,0.0070,0.0022
0.0404,0.0018,0.0009,0.0000,0.0000,0.0000,0.0002,0.0317,0.0019,0.0000,0.0004,0.0005,0.0261,0.0475,0.0813,1.0000,0.4343,0.9977,0.0003,0.0094,0.0016,0.0022,0.0030,0.0050,0.0697,0.0037,0.0231,0.0034,0.0022,0.0030
0.0073,0.0030,0.0111,0.0001,0.0000,0.0004,0.0001,0.0019,0.0509,0.0068,0.0005,0.0051,0.9744,0.0997,1.0000,0.1084,0.0098,0.0035,0.0006,0.0146,0.0057,0.0050,0.0111,0.0048,0.0022,0.0031,0.0036,0.0051,0.0022,0.0021
0.0019,0.0015,0.0015,0.0003,0.0000,0.0001,0.0000,0.0000,0.0068,0.0004,0.2687,0.3434,0.2320,0.9683,0.1144,0.9983,0.0043,0.0764,0.0001,0.0022,0.0007,0.0026,0.0041,0.0048,0.0688,0.0030,0.9758,0.0026,0.0049,0.0019
0.0034,0.0037,0.0054,0.0007,0.0015,0.0051,0.0010,0.0004,0.0005,0.2687,0.5305,0.4794,0.0201,0.0273,0.0024,0.0418,0.0012,0.0135,0.0005,0.0065,0.0108,0.0046,0.0399,0.0053,0.0125,0.0017,0.0333,0.0102,0.0033,0.0020
0.0037,0.0035,0.0067,0.0006,0.0018,0.0064,0.0021,0.0005,0.0051,0.3434,0.4794,0.0562,0.2122,0.0030,0.0004,0.0032,0.0003,0.0120,0.0005,0.0063,0.0069,0.0056,0.0135,0.0072,0.0149,0.0023,0.1049,0.0247,0.0159,0.0049
0.0115,0.0099,0.0086,0.0007,0.0078,0.0093,0.0286,0.0261,0.9744,0.2320,0.0201,0.2122,0.5609,0.0656,0.0000,0.0000,0.0000,0.0001,0.0023,0.0171,0.0190,0.0057,0.0006,0.0055,0.0014,0.0029,0.0227,0.0079,0.0089,0.0188
0.0030,0.0025,0.0018,0.0008,0.0027,0.0034,0.1909,0.0475,0.0997,0.9683,0.0273,0.0030,0.0656,0.0283,0.0042,0.0000,0.0000,0.0001,0.0001,0.0017,0.0013,0.0033,0.0019,0.0049,0.0056,0.0030,0.9996,0.1328,0.1082,0.0386
0.0539,0.0071,0.0035,0.0019,0.0070,0.0090,1.0000,0.0813,1.0000,0.1144,0.0024,0.0004,0.0000,0.0042,0.0209,0.0000,0.0000,0.0000,0.0000,0.0005,0.0010,0.0025,0.0028,0.0038,0.0046,0.0069,0.0479,0.3452,0.0564,0.0256
0.0018,0.0037,0.0013,0.0013,0.0007,0.0188,0.0536,1.0000,0.1084,0.9983,0.0418,0.0032,0.0000,0.0000,0.0000,0.0000,0.0000,0.0000,0.0000,0.0006,0.0001,0.0016,0.0172,0.0167,1.0000,0.0198,0.9999,0.0580,0.0047,0.0026
0.8902,0.0500,0.0157,0.0849,0.9995,0.4453,0.9990,0.4343,0.0098,0.0043,0.0012,0.0003,0.0000,0.0000,0.0000,0.0000,0.0000,0.0000,0.0000,0.0000,0.0000,0.0003,0.0113,0.0475,0.2633,0.9993,0.7765,0.8955,0.9197,0.9457
0.0021,0.0024,0.0027,0.0098,0.1386,1.0000,0.0165,0.9977,0.0035,0.0764,0.0135,0.0120,0.0001,0.0001,0.0000,0.0000,0.0000,0.0001,0.0000,0.0000,0.0000,0.0002,0.7781,0.0686,1.0000,0.0033,0.0440,0.0059,0.0012,0.0007
0.0021,0.0269,0.6501,1.0000,1.0000,0.0149,0.0010,0.0003,0.0006,0.0001,0.0005,0.0005,0.0023,0.0001,0.0000,0.0000,0.0000,0.0000,0.0006,0.0049,0.6799,0.9993,0.0230,0.7652,0.0011,0.0057,0.0006,0.0032,0.0007,0.0006
0.0088,0.0132,0.1573,1.0000,0.0153,0.9988,0.0174,0.0094,0.0146,0.0022,0.0065,0.0063,0.0171,0.0017,0.0005,0.0006,0.0000,0.0000,0.0049,0.0396,0.0100,0.0000,0.0364,0.0022,0.0054,0.0022,0.0016,0.0013,0.0018,0.0010
0.0027,0.0477,0.9014,1.0000,0.1723,0.0084,0.0031,0.0016,0.0057,0.0007,0.0108,0.0069,0.0190,0.0013,0.0010,0.0001,0.0000,0.0000,0.6799,0.0100,0.4432,0.0325,0.0005,0.0011,0.0002,0.0008,0.0018,0.0029,0.0010,0.0011
0.0060,0.0163,0.0356,0.0435,0.5909,0.0033,0.0047,0.0022,0.0050,0.0026,0.0046,0.0056,0.0057,0.0033,0.0025,0.0016,0.0003,0.0002,0.9993,0.0000,0.0325,0.1946,0.0362,0.0010,0.0001,0.0018,0.0020,0.0110,0.0084,0.0110
0.0206,0.0483,0.0289,0.0159,0.0273,0.0180,0.0884,0.0030,0.0111,0.0041,0.0399,0.0135,0.0006,0.0019,0.0028,0.0172,0.0113,0.7781,0.0230,0.0364,0.0005,0.0362,0.3171,0.0212,0.0000,0.0000,0.0000,0.0009,0.0072,0.0320
0.0058,0.0105,0.0157,0.0066,0.1167,0.0067,0.0084,0.0050,0.0048,0.0048,0.0053,0.0072,0.0055,0.0049,0.0038,0.0167,0.0475,0.0686,0.7652,0.0022,0.0011,0.0010,0.0212,0.0748,0.0054,0.0000,0.0001,0.0038,0.0077,0.0075
0.0104,0.0037,0.0013,0.0006,0.0015,0.0059,0.0066,0.0697,0.0022,0.0688,0.0125,0.0149,0.0014,0.0056,0.0046,1.0000,0.2633,1.0000,0.0011,0.0054,0.0002,0.0001,0.0000,0.0054,0.1148,0.0009,0.0000,0.0002,0.0003,0.0008
0.0490,0.0303,0.0095,0.0049,0.9243,0.0036,0.0088,0.0037,0.0031,0.0030,0.0017,0.0023,0.0029,0.0030,0.0069,0.0198,0.9993,0.0033,0.0057,0.0022,0.0008,0.0018,0.0000,0.0000,0.0009,0.9993,0.0000,0.0015,0.0020,0.0105
0.0159,0.0118,0.0029,0.0044,0.0027,0.0055,0.0088,0.0231,0.0036,0.9758,0.0333,0.1049,0.0227,0.9996,0.0479,0.9999,0.7765,0.0440,0.0006,0.0016,0.0018,0.0020,0.0000,0.0001,0.0000,0.0000,0.0104,0.0020,0.0000,0.0000
0.0054,0.0105,0.0134,0.0027,0.0062,0.0079,0.0046,0.0034,0.0051,0.0026,0.0102,0.0247,0.0079,0.1328,0.3452,0.0580,0.8955,0.0059,0.0032,0.0013,0.0029,0.0110,0.0009,0.0038,0.0002,0.0015,0.0020,0.2102,0.0055,0.0000
0.6308,0.1291,0.0088,0.0027,0.5765,0.0029,0.0070,0.0022,0.0022,0.0049,0.0033,0.0159,0.0089,0.1082,0.0564,0.0047,0.9197,0.0012,0.0007,0.0018,0.0010,0.0084,0.0072,0.0077,0.0003,0.0020,0.0000,0.0055,0.0127,0.0554
0.1609,0.1132,0.0136,0.0064,0.3843,0.0033,0.0022,0.0030,0.0021,0.0019,0.0020,0.0049,0.0188,0.0386,0.0256,0.0026,0.9457,0.0007,0.0006,0.0010,0.0011,0.0110,0.0320,0.0075,0.0008,0.0105,0.0000,0.0000,0.0554,0.2144