c1,c2,c3,c4,c5,c6,c7,c8,c9,c10,c11,c12,c13,c14,c15,c16,c17
0.0028,0.0012,0.0130,0.3439,0.0033,0.0207,0.5695,0.0051,0.0209,0.0007,0.0081,0.0012,0.0039,0.0065,0.0027,0.0021,0.0015
0.0012,0.3572,0.9634,0.0004,0.0001,0.9962,0.0032,0.0014,0.0123,0.0005,0.0007,0.0012,0.0153,0.0007,0.0015,0.0033,0.0013
0.0130,0.9634,0.0440,0.0281,0.0011,0.0010,0.0220,0.0012,0.0151,0.0009,0.0068,0.0030,0.0058,0.0025,0.0016,0.0014,0.0029
0.3439,0.0004,0.0281,0.3482,0.0025,0.0000,0.1794,0.0054,0.0025,0.0031,0.1687,0.0016,0.0011,0.0352,0.0047,0.0012,0.0035
0.0033,0.0001,0.0011,0.0025,0.0034,0.0217,0.5851,0.0041,0.0490,0.7314,0.0159,0.0092,0.0043,0.0039,0.0012,0.0007,0.0026
0.0207,0.9962,0.0010,0.0000,0.0217,0.0162,0.0012,0.0005,0.0319,0.0193,0.0018,0.0535,0.0636,0.0008,0.0011,0.0023,0.0016
0.5695,0.0032,0.0220,0.1794,0.5851,0.0012,0.0272,0.0130,0.0000,0.0025,0.1514,0.0009,0.0015,0.0129,0.0017,0.0002,0.0003
0.0051,0.0014,0.0012,0.0054,0.0041,0.0005,0.0130,0.0033,0.0026,0.5283,0.0152,0.0032,0.0737,0.5975,0.0113,0.0006,0.0007
0.0209,0.0123,0.0151,0.0025,0.0490,0.0319,0.0000,0.0026,0.0459,0.2031,0.0004,0.0004,0.5939,0.0014,0.0163,0.0032,0.0012
0.0007,0.0005,0.0009,0.0031,0.7314,0.0193,0.0025,0.5283,0.2031,0.0037,0.3139,0.0014,0.0001,0.0077,0.0027,0.0013,0.0016
0.0081,0.0007,0.0068,0.1687,0.0159,0.0018,0.1514,0.0152,0.0004,0.3139,0.0045,0.0017,0.0000,0.0707,0.0293,0.0015,0.0028
0.0012,0.0012,0.0030,0.0016,0.0092,0.0535,0.0009,0.0032,0.0004,0.0014,0.0017,0.0170,0.0728,0.5310,0.0091,0.0297,0.0712
0.0039,0.0153,0.0058,0.0011,0.0043,0.0636,0.0015,0.0737,0.5939,0.0001,0.0000,0.0728,0.0301,0.0026,0.0017,0.0251,0.0156
0.0065,0.0007,0.0025,0.0352,0.0039,0.0008,0.0129,0.5975,0.0014,0.0077,0.0707,0.5310,0.0026,0.0092,0.0090,0.0000,0.0020
0.0027,0.0015,0.0016,0.0047,0.0012,0.0011,0.0017,0.0113,0.0163,0.0027,0.0293,0.0091,0.0017,0.0090,0.1314,0.2805,0.0391
0.0021,0.0033,0.0014,0.0012,0.0007,0.0023,0.0002,0.0006,0.0032,0.0013,0.0015,0.0297,0.0251,0.0000,0.2805,0.9719,0.9843
0.0015,0.0013,0.0029,0.0035,0.0026,0.0016,0.0003,0.0007,0.0012,0.0016,0.0028,0.0712,0.0156,0.0020,0.0391,0.9843,0.3555