c1,c2,c3,c4,c5,c6,c7,c8,c9,c10,c11,c12,c13,c14,c15,c16,c17,c18,c19
0.0002,0.0001,0.0000,0.0081,0.0149,0.0122,0.0758,0.0168,0.0945,0.0106,0.0155,0.0164,0.0106,0.0142,0.0082,0.0218,0.0124,0.0135,0.0187
0.0001,0.0011,0.0085,0.0020,0.0111,0.0144,0.0101,0.0118,0.0360,0.0092,0.0146,0.0126,0.0059,0.0117,0.0072,0.0176,0.0075,0.0106,0.0114
0.0000,0.0085,0.0206,0.1324,0.0001,0.0125,0.0055,0.0054,0.0307,0.0160,0.0087,0.0160,0.0085,0.0116,0.0111,0.0153,0.0050,0.0086,0.0176
0.0081,0.0020,0.1324,0.0011,0.0351,0.0003,0.0063,0.0067,0.0036,0.0162,0.0061,0.0015,0.0047,0.0167,0.0105,0.0177,0.0140,0.0118,0.0122
0.0149,0.0111,0.0001,0.0351,0.0399,0.0095,0.0001,0.0037,0.0034,0.0053,0.0059,0.0058,0.0077,0.0263,0.0205,0.0354,0.0159,0.0094,0.0115
0.0122,0.0144,0.0125,0.0003,0.0095,0.0190,0.0031,0.0000,0.0021,0.0049,0.0029,0.0231,0.0142,0.0476,0.0394,0.0292,0.0199,0.0079,0.0140
0.0758,0.0101,0.0055,0.0063,0.0001,0.0031,0.0075,0.0014,0.0000,0.0016,0.0072,0.0141,0.0474,0.1099,0.0615,0.0249,0.0152,0.0079,0.0222
0.0168,0.0118,0.0054,0.0067,0.0037,0.0000,0.0014,0.0047,0.0052,0.0000,0.0042,0.0380,0.0199,0.1421,0.1332,0.0596,0.0395,0.0129,0.0122
0.0945,0.0360,0.0307,0.0036,0.0034,0.0021,0.0000,0.0052,0.0085,0.0062,0.0002,0.0197,0.0158,0.0153,0.0691,0.0181,0.0109,0.0075,0.0054
0.0106,0.0092,0.0160,0.0162,0.0053,0.0049,0.0016,0.0000,0.0062,0.0022,0.0979,0.0006,0.0095,0.0103,0.0140,0.1010,0.0532,0.0178,0.0074
0.0155,0.0146,0.0087,0.0061,0.0059,0.0029,0.0072,0.0042,0.0002,0.0979,0.0360,0.0162,0.0006,0.0072,0.0060,0.0107,0.0049,0.0162,0.0082
0.0164,0.0126,0.0160,0.0015,0.0058,0.0231,0.0141,0.0380,0.0197,0.0006,0.0162,0.0065,0.0436,0.0002,0.0039,0.0030,0.0025,0.0202,0.0059
0.0106,0.0059,0.0085,0.0047,0.0077,0.0142,0.0474,0.0199,0.0158,0.0095,0.0006,0.0436,0.0177,0.0055,0.0001,0.0022,0.0045,0.0139,0.0115
0.0142,0.0117,0.0116,0.0167,0.0263,0.0476,0.1099,0.1421,0.0153,0.0103,0.0072,0.0002,0.0055,0.0084,0.0007,0.0001,0.0012,0.0050,0.0041
0.0082,0.0072,0.0111,0.0105,0.0205,0.0394,0.0615,0.1332,0.0691,0.0140,0.0060,0.0039,0.0001,0.0007,0.0103,0.0037,0.0001,0.0035,0.0142
0.0218,0.0176,0.0153,0.0177,0.0354,0.0292,0.0249,0.0596,0.0181,0.1010,0.0107,0.0030,0.0022,0.0001,0.0037,0.0117,0.0069,0.0000,0.0014
0.0124,0.0075,0.0050,0.0140,0.0159,0.0199,0.0152,0.0395,0.0109,0.0532,0.0049,0.0025,0.0045,0.0012,0.0001,0.0069,0.1071,0.0325,0.0001
0.0135,0.0106,0.0086,0.0118,0.0094,0.0079,0.0079,0.0129,0.0075,0.0178,0.0162,0.0202,0.0139,0.0050,0.0035,0.0000,0.0325,0.0062,0.0047
0.0187,0.0114,0.0176,0.0122,0.0115,0.0140,0.0222,0.0122,0.0054,0.0074,0.0082,0.0059,0.0115,0.0041,0.0142,0.0014,0.0001,0.0047,0.0073