c1,c2,c3,c4,c5,c6,c7,c8,c9,c10,c11,c12,c13,c14,c15,c16,c17,c18,c19,c20,c21,c22,c23,c24,c25,c26,c27
0.0001,0.0112,0.0008,0.0348,0.0585,0.0105,0.0296,0.0085,0.0065,0.0081,0.0075,0.0118,0.0071,0.0087,0.0047,0.0052,0.0061,0.0084,0.0184,0.0101,0.0076,0.0070,0.0076,0.0065,0.0062,0.0056,0.0048
0.0112,0.0326,0.0082,0.0001,0.0044,0.0019,0.0015,0.0044,0.0043,0.0049,0.0080,0.0074,0.0183,0.0118,0.0084,0.0073,0.0084,0.0141,0.0354,0.0189,0.0128,0.0101,0.0080,0.0156,0.0100,0.0071,0.0061
0.0008,0.0082,0.0159,0.0013,0.0002,0.0024,0.0033,0.0019,0.0072,0.0060,0.0121,0.0078,0.0266,0.0153,0.0133,0.0137,0.0121,0.0133,0.0594,0.0170,0.0156,0.0178,0.0108,0.0060,0.0104,0.0055,0.0043
0.0348,0.0001,0.0013,0.0153,0.0072,0.0001,0.0014,0.0011,0.0035,0.0064,0.0071,0.0082,0.0360,0.0173,0.0144,0.0199,0.0205,0.0152,0.1402,0.0223,0.0210,0.0249,0.0137,0.0061,0.0083,0.0052,0.0047
0.0585,0.0044,0.0002,0.0072,0.0014,0.0012,0.0000,0.0000,0.0018,0.0028,0.0064,0.0127,0.0140,0.0194,0.0307,0.0555,0.0239,0.0273,0.0588,0.0538,0.0555,0.0702,0.0252,0.0175,0.0091,0.0088,0.0060
0.0105,0.0019,0.0024,0.0001,0.0012,0.0040,0.0044,0.0000,0.0015,0.0028,0.0025,0.0230,0.0300,0.0209,0.0190,0.0512,0.0323,0.0223,0.1681,0.0521,0.0924,0.0558,0.0273,0.0172,0.0102,0.0107,0.0073
0.0296,0.0015,0.0033,0.0014,0.0000,0.0044,0.0075,0.0001,0.0001,0.0006,0.0012,0.0089,0.0471,0.0199,0.0143,0.1384,0.0298,0.0287,0.4322,0.0321,0.0384,0.0662,0.0180,0.0100,0.0105,0.0055,0.0074
0.0085,0.0044,0.0019,0.0011,0.0000,0.0000,0.0001,0.0000,0.0047,0.0000,0.0004,0.0164,0.0124,0.0828,0.1134,0.3243,0.3117,0.0860,0.9847,0.0748,0.1619,0.1039,0.0684,0.0255,0.0172,0.0091,0.0057
0.0065,0.0043,0.0072,0.0035,0.0018,0.0015,0.0001,0.0047,0.0165,0.0023,0.0002,0.0097,0.0110,0.0101,0.0099,0.0458,0.0176,0.0303,0.2864,0.0191,0.0281,0.0471,0.0137,0.0043,0.0072,0.0055,0.0040
0.0081,0.0049,0.0060,0.0064,0.0028,0.0028,0.0006,0.0000,0.0023,0.0049,0.0025,0.0042,0.0039,0.0049,0.0172,0.0236,0.0156,0.0457,0.2625,0.0413,0.1379,0.0679,0.0122,0.0058,0.0072,0.0050,0.0038
0.0075,0.0080,0.0121,0.0071,0.0064,0.0025,0.0012,0.0004,0.0002,0.0025,0.0069,0.2693,0.0000,0.0042,0.0079,0.0328,0.0722,0.0283,0.0549,0.0250,0.0483,0.0284,0.0218,0.0085,0.0097,0.0086,0.0083
0.0118,0.0074,0.0078,0.0082,0.0127,0.0230,0.0089,0.0164,0.0097,0.0042,0.2693,0.0000,0.0017,0.0003,0.0008,0.0086,0.0140,0.0381,0.0486,0.0113,0.0313,0.0293,0.0056,0.0032,0.0059,0.0034,0.0035
0.0071,0.0183,0.0266,0.0360,0.0140,0.0300,0.0471,0.0124,0.0110,0.0039,0.0000,0.0017,0.0001,0.0180,0.0001,0.0143,0.0300,0.0262,0.1125,0.0268,0.0291,0.0240,0.0151,0.0089,0.0027,0.0058,0.0021
0.0087,0.0118,0.0153,0.0173,0.0194,0.0209,0.0199,0.0828,0.0101,0.0049,0.0042,0.0003,0.0180,0.0465,0.0127,0.0007,0.0025,0.0024,0.0020,0.0080,0.0066,0.0089,0.0051,0.0032,0.0059,0.0052,0.0048
0.0047,0.0084,0.0133,0.0144,0.0307,0.0190,0.0143,0.1134,0.0099,0.0172,0.0079,0.0008,0.0001,0.0127,0.0196,0.0040,0.0004,0.0324,0.0054,0.0056,0.0238,0.0141,0.0040,0.0038,0.0110,0.0030,0.0023
0.0052,0.0073,0.0137,0.0199,0.0555,0.0512,0.1384,0.3243,0.0458,0.0236,0.0328,0.0086,0.0143,0.0007,0.0040,0.0072,0.0109,0.0001,0.0000,0.0013,0.0010,0.0214,0.0042,0.0023,0.0123,0.0026,0.0029
0.0061,0.0084,0.0121,0.0205,0.0239,0.0323,0.0298,0.3117,0.0176,0.0156,0.0722,0.0140,0.0300,0.0025,0.0004,0.0109,0.0407,0.0079,0.0000,0.0006,0.0014,0.0050,0.0092,0.0059,0.0132,0.0048,0.0056
0.0084,0.0141,0.0133,0.0152,0.0273,0.0223,0.0287,0.0860,0.0303,0.0457,0.0283,0.0381,0.0262,0.0024,0.0324,0.0001,0.0079,0.0131,0.0000,0.0001,0.0020,0.0062,0.0045,0.0202,0.0074,0.0055,0.0056
0.0184,0.0354,0.0594,0.1402,0.0588,0.1681,0.4322,0.9847,0.2864,0.2625,0.0549,0.0486,0.1125,0.0020,0.0054,0.0000,0.0000,0.0000,0.0002,0.0009,0.0000,0.0001,0.0054,0.0071,0.0040,0.0079,0.0140
0.0101,0.0189,0.0170,0.0223,0.0538,0.0521,0.0321,0.0748,0.0191,0.0413,0.0250,0.0113,0.0268,0.0080,0.0056,0.0013,0.0006,0.0001,0.0009,0.0077,0.0032,0.0000,0.0024,0.0057,0.0050,0.0124,0.0187
0.0076,0.0128,0.0156,0.0210,0.0555,0.0924,0.0384,0.1619,0.0281,0.1379,0.0483,0.0313,0.0291,0.0066,0.0238,0.0010,0.0014,0.0020,0.0000,0.0032,0.0099,0.0002,0.0000,0.0010,0.0103,0.0039,0.0179
0.0070,0.0101,0.0178,0.0249,0.0702,0.0558,0.0662,0.1039,0.0471,0.0679,0.0284,0.0293,0.0240,0.0089,0.0141,0.0214,0.0050,0.0062,0.0001,0.0000,0.0002,0.0001,0.0071,0.0004,0.0014,0.0033,0.0233
0.0076,0.0080,0.0108,0.0137,0.0252,0.0273,0.0180,0.0684,0.0137,0.0122,0.0218,0.0056,0.0151,0.0051,0.0040,0.0042,0.0092,0.0045,0.0054,0.0024,0.0000,0.0071,0.0227,0.0074,0.0001,0.0050,0.0456
0.0065,0.0156,0.0060,0.0061,0.0175,0.0172,0.0100,0.0255,0.0043,0.0058,0.0085,0.0032,0.0089,0.0032,0.0038,0.0023,0.0059,0.0202,0.0071,0.0057,0.0010,0.0004,0.0074,0.1784,0.0500,0.0011,0.0133
0.0062,0.0100,0.0104,0.0083,0.0091,0.0102,0.0105,0.0172,0.0072,0.0072,0.0097,0.0059,0.0027,0.0059,0.0110,0.0123,0.0132,0.0074,0.0040,0.0050,0.0103,0.0014,0.0001,0.0500,0.0061,0.0906,0.0023
0.0056,0.0071,0.0055,0.0052,0.0088,0.0107,0.0055,0.0091,0.0055,0.0050,0.0086,0.0034,0.0058,0.0052,0.0030,0.0026,0.0048,0.0055,0.0079,0.0124,0.0039,0.0033,0.0050,0.0011,0.0906,0.2368,0.0189
0.0048,0.0061,0.0043,0.0047,0.0060,0.0073,0.0074,0.0057,0.0040,0.0038,0.0083,0.0035,0.0021,0.0048,0.0023,0.0029,0.0056,0.0056,0.0140,0.0187,0.0179,0.0233,0.0456,0.0133,0.0023,0.0189,0.0319