c1,c2,c3,c4,c5,c6,c7,c8,c9,c10,c11,c12,c13,c14,c15,c16,c17,c18,c19,c20,c21,c22,c23,c24,c25,c26,c27,c28
0.0091,0.1045,0.0014,0.0359,0.0201,0.0112,0.0102,0.0114,0.0083,0.0076,0.0057,0.0076,0.0054,0.0067,0.0060,0.0048,0.0065,0.0091,0.0059,0.0042,0.0041,0.0044,0.0086,0.0059,0.0043,0.0029,0.0036,0.0031
0.1045,0.3062,0.0899,0.0078,0.0231,0.0137,0.0051,0.0077,0.0049,0.0080,0.0060,0.0061,0.0048,0.0062,0.0065,0.0044,0.0048,0.0046,0.0028,0.0038,0.0036,0.0033,0.0026,0.0024,0.0026,0.0027,0.0031,0.0033
0.0014,0.0899,0.1673,0.1923,0.0005,0.0118,0.0155,0.0050,0.0081,0.0124,0.0089,0.0088,0.0095,0.0107,0.0082,0.0060,0.0077,0.0051,0.0044,0.0051,0.0038,0.0038,0.0037,0.0025,0.0028,0.0028,0.0024,0.0029
0.0359,0.0078,0.1923,0.1076,0.0071,0.0123,0.0104,0.0056,0.0050,0.0123,0.0101,0.0091,0.0075,0.0084,0.0077,0.0078,0.0077,0.0044,0.0032,0.0042,0.0035,0.0033,0.0023,0.0020,0.0022,0.0027,0.0025,0.0025
0.0201,0.0231,0.0005,0.0071,0.0048,0.0543,0.0071,0.0234,0.0238,0.0215,0.0313,0.0574,0.0310,0.0522,0.0243,0.0206,0.0306,0.0085,0.0032,0.0024,0.0014,0.0013,0.0010,0.0010,0.0010,0.0016,0.0014,0.0014
0.0112,0.0137,0.0118,0.0123,0.0543,0.0234,0.0161,0.0047,0.0059,0.0035,0.0041,0.0112,0.0120,0.0165,0.0124,0.0088,0.0199,0.0076,0.0042,0.0055,0.0034,0.0026,0.0023,0.0020,0.0024,0.0038,0.0040,0.0031
0.0102,0.0051,0.0155,0.0104,0.0071,0.0161,0.0533,0.0334,0.0071,0.0112,0.0358,0.0109,0.0129,0.0206,0.0200,0.0176,0.0129,0.0087,0.0030,0.0035,0.0021,0.0020,0.0013,0.0014,0.0015,0.0025,0.0019,0.0021
0.0114,0.0077,0.0050,0.0056,0.0234,0.0047,0.0334,0.0146,0.0103,0.0071,0.0057,0.0111,0.0112,0.0310,0.0199,0.0220,0.0208,0.0060,0.0046,0.0064,0.0037,0.0021,0.0021,0.0014,0.0025,0.0040,0.0034,0.0026
0.0083,0.0049,0.0081,0.0050,0.0238,0.0059,0.0071,0.0103,0.0367,0.0212,0.0043,0.0137,0.0133,0.0263,0.0302,0.0379,0.0398,0.0091,0.0034,0.0047,0.0027,0.0023,0.0019,0.0014,0.0020,0.0027,0.0019,0.0022
0.0076,0.0080,0.0124,0.0123,0.0215,0.0035,0.0112,0.0071,0.0212,0.0452,0.0049,0.0073,0.0265,0.0268,0.0096,0.0233,0.0213,0.0067,0.0040,0.0063,0.0029,0.0024,0.0021,0.0013,0.0021,0.0031,0.0023,0.0022
0.0057,0.0060,0.0089,0.0101,0.0313,0.0041,0.0358,0.0057,0.0043,0.0049,0.2094,0.0667,0.0165,0.0885,0.0372,0.0203,0.0812,0.0059,0.0031,0.0036,0.0018,0.0013,0.0009,0.0008,0.0011,0.0017,0.0010,0.0010
0.0076,0.0061,0.0088,0.0091,0.0574,0.0112,0.0109,0.0111,0.0137,0.0073,0.0667,0.0260,0.1678,0.0018,0.0289,0.0440,0.0295,0.0007,0.0033,0.0060,0.0032,0.0020,0.0015,0.0011,0.0014,0.0020,0.0017,0.0015
0.0054,0.0048,0.0095,0.0075,0.0310,0.0120,0.0129,0.0112,0.0133,0.0265,0.0165,0.1678,0.0146,0.1264,0.0177,0.0255,0.0179,0.0024,0.0029,0.0036,0.0028,0.0017,0.0011,0.0009,0.0012,0.0018,0.0011,0.0013
0.0067,0.0062,0.0107,0.0084,0.0522,0.0165,0.0206,0.0310,0.0263,0.0268,0.0885,0.0018,0.1264,0.0104,0.0274,0.0014,0.0166,0.0015,0.0019,0.0065,0.0031,0.0022,0.0015,0.0013,0.0018,0.0023,0.0017,0.0016
0.0060,0.0065,0.0082,0.0077,0.0243,0.0124,0.0200,0.0199,0.0302,0.0096,0.0372,0.0289,0.0177,0.0274,0.0182,0.0325,0.0010,0.0035,0.0038,0.0030,0.0029,0.0026,0.0024,0.0015,0.0021,0.0027,0.0019,0.0022
0.0048,0.0044,0.0060,0.0078,0.0206,0.0088,0.0176,0.0220,0.0379,0.0233,0.0203,0.0440,0.0255,0.0014,0.0325,0.0758,0.0146,0.0019,0.0026,0.0050,0.0021,0.0025,0.0019,0.0014,0.0022,0.0027,0.0020,0.0024
0.0065,0.0048,0.0077,0.0077,0.0306,0.0199,0.0129,0.0208,0.0398,0.0213,0.0812,0.0295,0.0179,0.0166,0.0010,0.0146,0.0776,0.0621,0.0000,0.0031,0.0023,0.0011,0.0015,0.0015,0.0028,0.0040,0.0020,0.0022
0.0091,0.0046,0.0051,0.0044,0.0085,0.0076,0.0087,0.0060,0.0091,0.0067,0.0059,0.0007,0.0024,0.0015,0.0035,0.0019,0.0621,0.0186,0.2604,0.0026,0.0235,0.0093,0.0038,0.0055,0.0090,0.0132,0.0123,0.0058
0.0059,0.0028,0.0044,0.0032,0.0032,0.0042,0.0030,0.0046,0.0034,0.0040,0.0031,0.0033,0.0029,0.0019,0.0038,0.0026,0.0000,0.2604,0.2984,0.0916,0.0125,0.0782,0.0177,0.0065,0.0133,0.0148,0.0133,0.0104
0.0042,0.0038,0.0051,0.0042,0.0024,0.0055,0.0035,0.0064,0.0047,0.0063,0.0036,0.0060,0.0036,0.0065,0.0030,0.0050,0.0031,0.0026,0.0916,0.0684,0.1157,0.0037,0.0171,0.0097,0.0080,0.0098,0.0106,0.0090
0.0041,0.0036,0.0038,0.0035,0.0014,0.0034,0.0021,0.0037,0.0027,0.0029,0.0018,0.0032,0.0028,0.0031,0.0029,0.0021,0.0023,0.0235,0.0125,0.1157,0.1853,0.0555,0.0015,0.0314,0.0296,0.0201,0.0294,0.0397
0.0044,0.0033,0.0038,0.0033,0.0013,0.0026,0.0020,0.0021,0.0023,0.0024,0.0013,0.0020,0.0017,0.0022,0.0026,0.0025,0.0011,0.0093,0.0782,0.0037,0.0555,0.0876,0.2246,0.0148,0.1094,0.0373,0.0252,0.0885
0.0086,0.0026,0.0037,0.0023,0.0010,0.0023,0.0013,0.0021,0.0019,0.0021,0.0009,0.0015,0.0011,0.0015,0.0024,0.0019,0.0015,0.0038,0.0177,0.0171,0.0015,0.2246,0.2184,0.5016,0.0069,0.2807,0.1324,0.1884
0.0059,0.0024,0.0025,0.0020,0.0010,0.0020,0.0014,0.0014,0.0014,0.0013,0.0008,0.0011,0.0009,0.0013,0.0015,0.0014,0.0015,0.0055,0.0065,0.0097,0.0314,0.0148,0.5016,0.1225,0.3400,0.0555,0.5697,0.3560
0.0043,0.0026,0.0028,0.0022,0.0010,0.0024,0.0015,0.0025,0.0020,0.0021,0.0011,0.0014,0.0012,0.0018,0.0021,0.0022,0.0028,0.0090,0.0133,0.0080,0.0296,0.1094,0.0069,0.3400,0.1969,0.1653,0.0141,0.4635
0.0029,0.0027,0.0028,0.0027,0.0016,0.0038,0.0025,0.0040,0.0027,0.0031,0.0017,0.0020,0.0018,0.0023,0.0027,0.0027,0.0040,0.0132,0.0148,0.0098,0.0201,0.0373,0.2807,0.0555,0.1653,0.0415,0.0640,0.0037
0.0036,0.0031,0.0024,0.0025,0.0014,0.0040,0.0019,0.0034,0.0019,0.0023,0.0010,0.0017,0.0011,0.0017,0.0019,0.0020,0.0020,0.0123,0.0133,0.0106,0.0294,0.0252,0.1324,0.5697,0.0141,0.0640,0.1440,0.0697
0.0031,0.0033,0.0029,0.0025,0.0014,0.0031,0.0021,0.0026,0.0022,0.0022,0.0010,0.0015,0.0013,0.0016,0.0022,0.0024,0.0022,0.0058,0.0104,0.0090,0.0397,0.0885,0.1884,0.3560,0.4635,0.0037,0.0697,0.0443