c1,c2,c3,c4,c5,c6,c7,c8,c9,c10,c11,c12,c13,c14,c15,c16,c17,c18,c19,c20,c21,c22,c23
0.0000,0.0006,0.0000,0.0000,0.0001,0.0002,0.0037,0.0021,0.0051,0.0058,0.0036,0.0070,0.0130,0.3961,0.0418,0.9986,0.9202,0.9536,0.3594,0.0921,0.0113,0.0144,0.0060
0.0006,0.0961,0.0033,0.0000,0.0001,0.0003,0.0009,0.0017,0.0038,0.0044,0.0040,0.0109,0.0180,0.3573,0.0582,0.9723,0.5160,0.0325,0.0270,0.0051,0.0040,0.0026,0.0021
0.0000,0.0033,0.2703,0.0014,0.0000,0.0002,0.0006,0.0009,0.0031,0.0031,0.0068,0.1030,0.2020,0.9586,0.9984,0.6587,0.0593,0.0064,0.0111,0.0020,0.0015,0.0011,0.0008
0.0000,0.0000,0.0014,0.7888,0.0063,0.0001,0.0011,0.0013,0.0068,0.0515,0.0552,0.7435,0.5485,0.6735,0.1806,0.1127,0.0056,0.0028,0.0030,0.0020,0.0013,0.0015,0.0011
0.0001,0.0001,0.0000,0.0063,0.5184,0.0156,0.0001,0.0005,0.0010,0.0132,0.1400,0.8357,0.2985,0.7283,0.1080,0.1157,0.0142,0.0033,0.0006,0.0025,0.0024,0.0016,0.0016
0.0002,0.0003,0.0002,0.0001,0.0156,0.3631,0.0168,0.0008,0.0294,0.0272,0.3939,0.6715,0.3377,0.0341,0.0172,0.0105,0.0065,0.0031,0.0024,0.0014,0.0009,0.0015,0.0014
0.0037,0.0009,0.0006,0.0011,0.0001,0.0168,0.5885,0.1474,0.0004,0.0155,0.0630,0.0734,0.3776,0.0392,0.0241,0.0096,0.0081,0.0040,0.0017,0.0020,0.0021,0.0024,0.0010
0.0021,0.0017,0.0009,0.0013,0.0005,0.0008,0.1474,0.4890,0.1447,0.0031,0.4058,0.1059,0.0298,0.1328,0.0018,0.0075,0.0045,0.0023,0.0015,0.0008,0.0020,0.0012,0.0021
0.0051,0.0038,0.0031,0.0068,0.0010,0.0294,0.0004,0.1447,0.1817,0.0328,0.0009,0.0115,0.0394,0.0256,0.0087,0.0110,0.0088,0.0046,0.0016,0.0029,0.0036,0.0029,0.0034
0.0058,0.0044,0.0031,0.0515,0.0132,0.0272,0.0155,0.0031,0.0328,0.7093,0.1249,0.0000,0.0029,0.0071,0.0017,0.0030,0.0026,0.0051,0.0028,0.0050,0.0040,0.0044,0.0042
0.0036,0.0040,0.0068,0.0552,0.1400,0.3939,0.0630,0.4058,0.0009,0.1249,0.1096,0.0137,0.0001,0.0001,0.0013,0.0004,0.0028,0.0028,0.0009,0.0026,0.0024,0.0036,0.0040
0.0070,0.0109,0.1030,0.7435,0.8357,0.6715,0.0734,0.1059,0.0115,0.0000,0.0137,0.5667,0.0081,0.0000,0.0000,0.0001,0.0002,0.0022,0.0032,0.0028,0.0039,0.0032,0.0041
0.0130,0.0180,0.2020,0.5485,0.2985,0.3377,0.3776,0.0298,0.0394,0.0029,0.0001,0.0081,0.0294,0.0004,0.0000,0.0000,0.0011,0.0008,0.0079,0.0032,0.0022,0.0026,0.0024
0.3961,0.3573,0.9586,0.6735,0.7283,0.0341,0.0392,0.1328,0.0256,0.0071,0.0001,0.0000,0.0004,0.7250,0.0149,0.0000,0.0000,0.0001,0.0003,0.0028,0.0081,0.0068,0.0051
0.0418,0.0582,0.9984,0.1806,0.1080,0.0172,0.0241,0.0018,0.0087,0.0017,0.0013,0.0000,0.0000,0.0149,0.0192,0.0014,0.0000,0.0024,0.0226,0.0026,0.0119,0.0066,0.0053
0.9986,0.9723,0.6587,0.1127,0.1157,0.0105,0.0096,0.0075,0.0110,0.0030,0.0004,0.0001,0.0000,0.0000,0.0014,0.3999,0.0037,0.0000,0.0006,0.0003,0.0065,0.0481,0.0352
0.9202,0.5160,0.0593,0.0056,0.0142,0.0065,0.0081,0.0045,0.0088,0.0026,0.0028,0.0002,0.0011,0.0000,0.0000,0.0037,0.2316,0.0371,0.0002,0.0145,0.0242,0.0111,0.0536
0.9536,0.0325,0.0064,0.0028,0.0033,0.0031,0.0040,0.0023,0.0046,0.0051,0.0028,0.0022,0.0008,0.0001,0.0024,0.0000,0.0371,0.9677,0.2166,0.0018,0.0035,0.0065,0.0214
0.3594,0.0270,0.0111,0.0030,0.0006,0.0024,0.0017,0.0015,0.0016,0.0028,0.0009,0.0032,0.0079,0.0003,0.0226,0.0006,0.0002,0.2166,0.3634,0.4026,0.0067,0.0123,0.0275
0.0921,0.0051,0.0020,0.0020,0.0025,0.0014,0.0020,0.0008,0.0029,0.0050,0.0026,0.0028,0.0032,0.0028,0.0026,0.0003,0.0145,0.0018,0.4026,0.9259,0.0596,0.0047,0.0848
0.0113,0.0040,0.0015,0.0013,0.0024,0.0009,0.0021,0.0020,0.0036,0.0040,0.0024,0.0039,0.0022,0.0081,0.0119,0.0065,0.0242,0.0035,0.0067,0.0596,0.9310,0.1205,0.0044
0.0144,0.0026,0.0011,0.0015,0.0016,0.0015,0.0024,0.0012,0.0029,0.0044,0.0036,0.0032,0.0026,0.0068,0.0066,0.0481,0.0111,0.0065,0.0123,0.0047,0.1205,0.5175,0.1636
0.0060,0.0021,0.0008,0.0011,0.0016,0.0014,0.0010,0.0021,0.0034,0.0042,0.0040,0.0041,0.0024,0.0051,0.0053,0.0352,0.0536,0.0214,0.0275,0.0848,0.0044,0.1636,0.3562