c1,c2,c3,c4,c5,c6,c7,c8,c9,c10,c11,c12,c13,c14,c15,c16,c17,c18,c19,c20,c21,c22,c23,c24,c25,c26
0.0001,0.0010,0.0001,0.0122,0.0289,0.0240,0.0207,0.0504,0.0567,0.0261,0.0094,0.0129,0.0073,0.0098,0.0043,0.0077,0.0071,0.0079,0.0111,0.0095,0.0102,0.0103,0.0119,0.0040,0.0043,0.0035
0.0010,0.0778,0.0686,0.0004,0.0435,0.0257,0.0202,0.0167,0.0130,0.0114,0.0062,0.0146,0.0053,0.0055,0.0023,0.0046,0.0039,0.0052,0.0026,0.0039,0.0066,0.0069,0.0070,0.0045,0.0035,0.0033
0.0001,0.0686,0.1428,0.1289,0.0009,0.0362,0.0321,0.0059,0.0176,0.0113,0.0126,0.0089,0.0112,0.0053,0.0030,0.0028,0.0029,0.0035,0.0034,0.0040,0.0050,0.0059,0.0051,0.0031,0.0049,0.0056
0.0122,0.0004,0.1289,0.0114,0.0672,0.0002,0.0108,0.0119,0.0044,0.0195,0.0205,0.0230,0.0078,0.0164,0.0038,0.0050,0.0058,0.0042,0.0032,0.0040,0.0069,0.0063,0.0084,0.0038,0.0047,0.0041
0.0289,0.0435,0.0009,0.0672,0.4971,0.1807,0.0002,0.0038,0.0073,0.0041,0.0300,0.0115,0.0065,0.0040,0.0023,0.0034,0.0024,0.0029,0.0017,0.0037,0.0048,0.0060,0.0051,0.0041,0.0048,0.0044
0.0240,0.0257,0.0362,0.0002,0.1807,0.1309,0.0158,0.0001,0.0133,0.0126,0.0155,0.0172,0.0061,0.0052,0.0021,0.0049,0.0034,0.0041,0.0025,0.0030,0.0049,0.0064,0.0063,0.0041,0.0061,0.0068
0.0207,0.0202,0.0321,0.0108,0.0002,0.0158,0.0084,0.0219,0.0001,0.0083,0.0063,0.0139,0.0091,0.0099,0.0085,0.0078,0.0058,0.0078,0.0065,0.0086,0.0087,0.0077,0.0117,0.0081,0.0080,0.0056
0.0504,0.0167,0.0059,0.0119,0.0038,0.0001,0.0219,0.0632,0.0295,0.0001,0.0048,0.0090,0.0065,0.0092,0.0068,0.0082,0.0082,0.0053,0.0056,0.0106,0.0070,0.0084,0.0091,0.0067,0.0074,0.0141
0.0567,0.0130,0.0176,0.0044,0.0073,0.0133,0.0001,0.0295,0.0051,0.0330,0.0000,0.0047,0.0107,0.0032,0.0091,0.0100,0.0136,0.0083,0.0106,0.0186,0.0113,0.0094,0.0074,0.0078,0.0087,0.0139
0.0261,0.0114,0.0113,0.0195,0.0041,0.0126,0.0083,0.0001,0.0330,0.0942,0.0070,0.0002,0.0062,0.0106,0.0030,0.0138,0.0161,0.0102,0.0056,0.0057,0.0076,0.0068,0.0085,0.0062,0.0053,0.0054
0.0094,0.0062,0.0126,0.0205,0.0300,0.0155,0.0063,0.0048,0.0000,0.0070,0.0090,0.0092,0.0001,0.0096,0.0068,0.0075,0.0078,0.0216,0.0108,0.0359,0.0139,0.0119,0.0079,0.0153,0.0056,0.0092
0.0129,0.0146,0.0089,0.0230,0.0115,0.0172,0.0139,0.0090,0.0047,0.0002,0.0092,0.0228,0.0088,0.0000,0.0084,0.0050,0.0030,0.0171,0.0178,0.0101,0.0102,0.0106,0.0107,0.0084,0.0052,0.0108
0.0073,0.0053,0.0112,0.0078,0.0065,0.0061,0.0091,0.0065,0.0107,0.0062,0.0001,0.0088,0.0172,0.0148,0.0005,0.0179,0.0097,0.0091,0.0114,0.0112,0.0108,0.0280,0.0089,0.0100,0.0054,0.0087
0.0098,0.0055,0.0053,0.0164,0.0040,0.0052,0.0099,0.0092,0.0032,0.0106,0.0096,0.0000,0.0148,0.0739,0.0759,0.0001,0.0154,0.0037,0.0109,0.0178,0.0187,0.0131,0.0236,0.0113,0.0055,0.0057
0.0043,0.0023,0.0030,0.0038,0.0023,0.0021,0.0085,0.0068,0.0091,0.0030,0.0068,0.0084,0.0005,0.0759,0.0200,0.0287,0.0004,0.0349,0.0218,0.0110,0.0294,0.0174,0.0120,0.0101,0.0091,0.0058
0.0077,0.0046,0.0028,0.0050,0.0034,0.0049,0.0078,0.0082,0.0100,0.0138,0.0075,0.0050,0.0179,0.0001,0.0287,0.0761,0.0246,0.0001,0.0278,0.0206,0.0073,0.0170,0.0110,0.0140,0.0081,0.0107
0.0071,0.0039,0.0029,0.0058,0.0024,0.0034,0.0058,0.0082,0.0136,0.0161,0.0078,0.0030,0.0097,0.0154,0.0004,0.0246,0.0258,0.0409,0.0003,0.0154,0.0098,0.0068,0.0116,0.0156,0.0138,0.0125
0.0079,0.0052,0.0035,0.0042,0.0029,0.0041,0.0078,0.0053,0.0083,0.0102,0.0216,0.0171,0.0091,0.0037,0.0349,0.0001,0.0409,0.0394,0.0353,0.0001,0.0166,0.0066,0.0065,0.0132,0.0089,0.0233
0.0111,0.0026,0.0034,0.0032,0.0017,0.0025,0.0065,0.0056,0.0106,0.0056,0.0108,0.0178,0.0114,0.0109,0.0218,0.0278,0.0003,0.0353,0.0204,0.0203,0.0002,0.0085,0.0191,0.0144,0.0111,0.0152
0.0095,0.0039,0.0040,0.0040,0.0037,0.0030,0.0086,0.0106,0.0186,0.0057,0.0359,0.0101,0.0112,0.0178,0.0110,0.0206,0.0154,0.0001,0.0203,0.0194,0.0326,0.0001,0.0074,0.0159,0.0043,0.0137
0.0102,0.0066,0.0050,0.0069,0.0048,0.0049,0.0087,0.0070,0.0113,0.0076,0.0139,0.0102,0.0108,0.0187,0.0294,0.0073,0.0098,0.0166,0.0002,0.0326,0.0215,0.0137,0.0000,0.0087,0.0087,0.0099
0.0103,0.0069,0.0059,0.0063,0.0060,0.0064,0.0077,0.0084,0.0094,0.0068,0.0119,0.0106,0.0280,0.0131,0.0174,0.0170,0.0068,0.0066,0.0085,0.0001,0.0137,0.0760,0.0192,0.0001,0.0077,0.0105
0.0119,0.0070,0.0051,0.0084,0.0051,0.0063,0.0117,0.0091,0.0074,0.0085,0.0079,0.0107,0.0089,0.0236,0.0120,0.0110,0.0116,0.0065,0.0191,0.0074,0.0000,0.0192,0.0050,0.0842,0.0002,0.0164
0.0040,0.0045,0.0031,0.0038,0.0041,0.0041,0.0081,0.0067,0.0078,0.0062,0.0153,0.0084,0.0100,0.0113,0.0101,0.0140,0.0156,0.0132,0.0144,0.0159,0.0087,0.0001,0.0842,0.0677,0.0702,0.0001
0.0043,0.0035,0.0049,0.0047,0.0048,0.0061,0.0080,0.0074,0.0087,0.0053,0.0056,0.0052,0.0054,0.0055,0.0091,0.0081,0.0138,0.0089,0.0111,0.0043,0.0087,0.0077,0.0002,0.0702,0.1493,0.0112
0.0035,0.0033,0.0056,0.0041,0.0044,0.0068,0.0056,0.0141,0.0139,0.0054,0.0092,0.0108,0.0087,0.0057,0.0058,0.0107,0.0125,0.0233,0.0152,0.0137,0.0099,0.0105,0.0164,0.0001,0.0112,0.0112