c1,c2,c3,c4,c5,c6,c7,c8,c9,c10,c11,c12,c13,c14,c15,c16,c17,c18,c19,c20,c21,c22,c23,c24,c25,c26,c27,c28,c29
0.0002,0.0010,0.0001,0.0003,0.0040,0.0011,0.0117,0.0065,0.0151,0.0548,0.0070,0.0334,0.0071,0.0133,0.0257,0.0417,0.0196,0.0196,0.0129,0.0191,0.0094,0.0091,0.0065,0.0158,0.0114,0.0128,0.0296,0.0067,0.0043
0.0010,0.0212,0.0060,0.0000,0.0026,0.0008,0.0036,0.0031,0.0096,0.0190,0.0069,0.0306,0.0168,0.0341,0.2912,0.0383,0.0256,0.0194,0.0097,0.0065,0.0101,0.0068,0.0040,0.0093,0.0037,0.0064,0.0064,0.0037,0.0041
0.0001,0.0060,0.0265,0.0003,0.0001,0.0001,0.0021,0.0011,0.0069,0.0300,0.0136,0.3935,0.0571,0.6202,0.4674,0.0509,0.0162,0.0107,0.0130,0.0077,0.0070,0.0092,0.0056,0.0070,0.0026,0.0037,0.0025,0.0014,0.0021
0.0003,0.0000,0.0003,0.0031,0.0034,0.0000,0.0016,0.0005,0.0018,0.0336,0.0247,0.0278,0.9983,0.2455,0.8322,0.0946,0.0301,0.0163,0.0197,0.0151,0.0068,0.0153,0.0044,0.0143,0.0028,0.0038,0.0027,0.0013,0.0018
0.0040,0.0026,0.0001,0.0034,0.0117,0.0005,0.0002,0.0021,0.0047,0.7297,0.0646,0.6200,0.0597,0.0448,0.0146,0.0056,0.0071,0.0053,0.0046,0.0047,0.0075,0.0063,0.0062,0.0064,0.0037,0.0045,0.0046,0.0022,0.0045
0.0011,0.0008,0.0001,0.0000,0.0005,0.0008,0.0064,0.0000,0.0001,0.0645,0.2259,0.0933,0.3803,0.0147,0.0611,0.0364,0.0111,0.0184,0.0201,0.0126,0.0316,0.0340,0.0398,0.0392,0.0203,0.0211,0.0113,0.0084,0.0173
0.0117,0.0036,0.0021,0.0016,0.0002,0.0064,0.0169,0.0384,0.0000,0.1210,0.0072,0.0067,0.0879,0.0078,0.0125,0.0056,0.0065,0.0100,0.0071,0.0134,0.0105,0.0111,0.0131,0.0074,0.0085,0.0075,0.0071,0.0062,0.0154
0.0065,0.0031,0.0011,0.0005,0.0021,0.0000,0.0384,0.0388,0.0020,0.0068,0.0206,0.0131,0.0092,0.0048,0.0058,0.0060,0.0054,0.0103,0.0060,0.0082,0.0210,0.0101,0.0175,0.0166,0.0185,0.0187,0.0111,0.0177,0.0431
0.0151,0.0096,0.0069,0.0018,0.0047,0.0001,0.0000,0.0020,0.0047,0.0075,0.0048,0.0017,0.0149,0.0033,0.0181,0.0049,0.0024,0.0080,0.0080,0.0062,0.0164,0.0169,0.0342,0.0423,0.0796,0.0728,0.0307,0.0204,0.0293
0.0548,0.0190,0.0300,0.0336,0.7297,0.0645,0.1210,0.0068,0.0075,0.3098,0.1593,0.0003,0.0000,0.0007,0.0005,0.0026,0.0038,0.0023,0.0012,0.0009,0.0047,0.0030,0.0059,0.0044,0.0037,0.0045,0.0079,0.0043,0.0059
0.0070,0.0069,0.0136,0.0247,0.0646,0.2259,0.0072,0.0206,0.0048,0.1593,0.0015,0.1729,0.0001,0.0010,0.0012,0.0012,0.0029,0.0023,0.0072,0.0049,0.0078,0.0082,0.0067,0.0144,0.0044,0.0080,0.0067,0.0028,0.0050
0.0334,0.0306,0.3935,0.0278,0.6200,0.0933,0.0067,0.0131,0.0017,0.0003,0.1729,0.0397,0.0003,0.0001,0.0003,0.0007,0.0021,0.0043,0.0044,0.0025,0.0038,0.0080,0.0057,0.0075,0.0070,0.0066,0.0062,0.0034,0.0041
0.0071,0.0168,0.0571,0.9983,0.0597,0.3803,0.0879,0.0092,0.0149,0.0000,0.0001,0.0003,0.0018,0.0002,0.0000,0.0002,0.0013,0.0120,0.0181,0.0245,0.0128,0.0939,0.0251,0.0151,0.0122,0.0145,0.0030,0.0032,0.0033
0.0133,0.0341,0.6202,0.2455,0.0448,0.0147,0.0078,0.0048,0.0033,0.0007,0.0010,0.0001,0.0002,0.0011,0.0029,0.0010,0.0883,0.0013,0.0088,0.0151,0.0275,0.0459,0.0161,0.0098,0.0050,0.0064,0.0045,0.0025,0.0032
0.0257,0.2912,0.4674,0.8322,0.0146,0.0611,0.0125,0.0058,0.0181,0.0005,0.0012,0.0003,0.0000,0.0029,0.0037,0.0062,0.0002,0.0037,0.0085,0.0102,0.0147,0.0164,0.0060,0.0092,0.0072,0.0057,0.0044,0.0026,0.0034
0.0417,0.0383,0.0509,0.0946,0.0056,0.0364,0.0056,0.0060,0.0049,0.0026,0.0012,0.0007,0.0002,0.0010,0.0062,0.0296,0.0326,0.0011,0.0038,0.0054,0.0094,0.0721,0.0098,0.0092,0.0078,0.0065,0.0067,0.0027,0.0049
0.0196,0.0256,0.0162,0.0301,0.0071,0.0111,0.0065,0.0054,0.0024,0.0038,0.0029,0.0021,0.0013,0.0883,0.0002,0.0326,0.0251,0.0147,0.0008,0.0145,0.0141,0.0247,0.0114,0.0077,0.0039,0.0053,0.0061,0.0025,0.0047
0.0196,0.0194,0.0107,0.0163,0.0053,0.0184,0.0100,0.0103,0.0080,0.0023,0.0023,0.0043,0.0120,0.0013,0.0037,0.0011,0.0147,0.0228,0.0184,0.0019,0.0109,0.0175,0.0060,0.0114,0.0047,0.0055,0.0066,0.0038,0.0067
0.0129,0.0097,0.0130,0.0197,0.0046,0.0201,0.0071,0.0060,0.0080,0.0012,0.0072,0.0044,0.0181,0.0088,0.0085,0.0038,0.0008,0.0184,0.0186,0.0166,0.0005,0.0030,0.0153,0.0044,0.0118,0.0107,0.0092,0.0061,0.0067
0.0191,0.0065,0.0077,0.0151,0.0047,0.0126,0.0134,0.0082,0.0062,0.0009,0.0049,0.0025,0.0245,0.0151,0.0102,0.0054,0.0145,0.0019,0.0166,0.0262,0.0228,0.0003,0.0014,0.0072,0.0040,0.0120,0.0107,0.0071,0.0153
0.0094,0.0101,0.0070,0.0068,0.0075,0.0316,0.0105,0.0210,0.0164,0.0047,0.0078,0.0038,0.0128,0.0275,0.0147,0.0094,0.0141,0.0109,0.0005,0.0228,0.0202,0.0015,0.0002,0.0013,0.0033,0.0036,0.0098,0.0135,0.0098
0.0091,0.0068,0.0092,0.0153,0.0063,0.0340,0.0111,0.0101,0.0169,0.0030,0.0082,0.0080,0.0939,0.0459,0.0164,0.0721,0.0247,0.0175,0.0030,0.0003,0.0015,0.0072,0.0022,0.0000,0.0004,0.0021,0.0046,0.0404,0.0272
0.0065,0.0040,0.0056,0.0044,0.0062,0.0398,0.0131,0.0175,0.0342,0.0059,0.0067,0.0057,0.0251,0.0161,0.0060,0.0098,0.0114,0.0060,0.0153,0.0014,0.0002,0.0022,0.0065,0.0027,0.0003,0.0034,0.0318,0.0411,0.0655
0.0158,0.0093,0.0070,0.0143,0.0064,0.0392,0.0074,0.0166,0.0423,0.0044,0.0144,0.0075,0.0151,0.0098,0.0092,0.0092,0.0077,0.0114,0.0044,0.0072,0.0013,0.0000,0.0027,0.0025,0.0289,0.0002,0.0026,0.0376,0.0910
0.0114,0.0037,0.0026,0.0028,0.0037,0.0203,0.0085,0.0185,0.0796,0.0037,0.0044,0.0070,0.0122,0.0050,0.0072,0.0078,0.0039,0.0047,0.0118,0.0040,0.0033,0.0004,0.0003,0.0289,0.0342,0.0799,0.0005,0.1495,0.0183
0.0128,0.0064,0.0037,0.0038,0.0045,0.0211,0.0075,0.0187,0.0728,0.0045,0.0080,0.0066,0.0145,0.0064,0.0057,0.0065,0.0053,0.0055,0.0107,0.0120,0.0036,0.0021,0.0034,0.0002,0.0799,0.0249,0.0193,0.0007,0.0091
0.0296,0.0064,0.0025,0.0027,0.0046,0.0113,0.0071,0.0111,0.0307,0.0079,0.0067,0.0062,0.0030,0.0045,0.0044,0.0067,0.0061,0.0066,0.0092,0.0107,0.0098,0.0046,0.0318,0.0026,0.0005,0.0193,0.1352,0.0578,0.0002
0.0067,0.0037,0.0014,0.0013,0.0022,0.0084,0.0062,0.0177,0.0204,0.0043,0.0028,0.0034,0.0032,0.0025,0.0026,0.0027,0.0025,0.0038,0.0061,0.0071,0.0135,0.0404,0.0411,0.0376,0.1495,0.0007,0.0578,0.0991,0.0043
0.0043,0.0041,0.0021,0.0018,0.0045,0.0173,0.0154,0.0431,0.0293,0.0059,0.0050,0.0041,0.0033,0.0032,0.0034,0.0049,0.0047,0.0067,0.0067,0.0153,0.0098,0.0272,0.0655,0.0910,0.0183,0.0091,0.0002,0.0043,0.0027
