c1,c2,c3,c4,c5,c6,c7,c8,c9,c10,c11,c12,c13,c14,c15,c16,c17,c18,c19,c20
0.0228,0.0363,0.0017,0.0151,0.0196,0.0075,0.0135,0.0151,0.0156,0.0074,0.0050,0.0086,0.0040,0.0043,0.0049,0.0024,0.0047,0.0041,0.0030,0.0029
0.0363,0.0481,0.0595,0.0006,0.0309,0.0173,0.0048,0.0083,0.0072,0.0046,0.0033,0.0059,0.0038,0.0036,0.0047,0.0038,0.0065,0.0052,0.0042,0.0033
0.0017,0.0595,0.0218,0.0658,0.0005,0.0334,0.0262,0.0101,0.0126,0.0049,0.0074,0.0074,0.0077,0.0046,0.0045,0.0038,0.0030,0.0042,0.0024,0.0026
0.0151,0.0006,0.0658,0.0557,0.0114,0.0006,0.0056,0.0083,0.0057,0.0085,0.0086,0.0142,0.0080,0.0087,0.0062,0.0066,0.0079,0.0053,0.0031,0.0041
0.0196,0.0309,0.0005,0.0114,0.1028,0.0187,0.0005,0.0285,0.0154,0.0034,0.0054,0.0068,0.0069,0.0079,0.0047,0.0113,0.0055,0.0049,0.0022,0.0037
0.0075,0.0173,0.0334,0.0006,0.0187,0.0319,0.0232,0.0004,0.0254,0.0092,0.0079,0.0079,0.0078,0.0079,0.0036,0.0061,0.0046,0.0040,0.0038,0.0048
0.0135,0.0048,0.0262,0.0056,0.0005,0.0232,0.0439,0.0170,0.0006,0.0081,0.0314,0.0120,0.0170,0.0115,0.0062,0.0073,0.0038,0.0036,0.0028,0.0023
0.0151,0.0083,0.0101,0.0083,0.0285,0.0004,0.0170,0.0119,0.0045,0.0007,0.0221,0.0159,0.0089,0.0104,0.0080,0.0113,0.0071,0.0038,0.0046,0.0037
0.0156,0.0072,0.0126,0.0057,0.0154,0.0254,0.0006,0.0045,0.0159,0.0373,0.0004,0.0220,0.0370,0.0043,0.0040,0.0063,0.0055,0.0040,0.0038,0.0064
0.0074,0.0046,0.0049,0.0085,0.0034,0.0092,0.0081,0.0007,0.0373,0.0640,0.0237,0.0018,0.0145,0.0102,0.0047,0.0099,0.0046,0.0089,0.0026,0.0057
0.0050,0.0033,0.0074,0.0086,0.0054,0.0079,0.0314,0.0221,0.0004,0.0237,0.0221,0.0115,0.0010,0.0382,0.0197,0.0037,0.0047,0.0039,0.0030,0.0081
0.0086,0.0059,0.0074,0.0142,0.0068,0.0079,0.0120,0.0159,0.0220,0.0018,0.0115,0.0082,0.0043,0.0008,0.0085,0.0073,0.0054,0.0098,0.0050,0.0095
0.0040,0.0038,0.0077,0.0080,0.0069,0.0078,0.0170,0.0089,0.0370,0.0145,0.0010,0.0043,0.0348,0.0103,0.0011,0.0124,0.0036,0.0056,0.0073,0.0088
0.0043,0.0036,0.0046,0.0087,0.0079,0.0079,0.0115,0.0104,0.0043,0.0102,0.0382,0.0008,0.0103,0.0206,0.0099,0.0007,0.0080,0.0105,0.0107,0.0122
0.0049,0.0047,0.0045,0.0062,0.0047,0.0036,0.0062,0.0080,0.0040,0.0047,0.0197,0.0085,0.0011,0.0099,0.0205,0.0384,0.0019,0.0168,0.0161,0.0145
0.0024,0.0038,0.0038,0.0066,0.0113,0.0061,0.0073,0.0113,0.0063,0.0099,0.0037,0.0073,0.0124,0.0007,0.0384,0.0604,0.0178,0.0006,0.0110,0.0176
0.0047,0.0065,0.0030,0.0079,0.0055,0.0046,0.0038,0.0071,0.0055,0.0046,0.0047,0.0054,0.0036,0.0080,0.0019,0.0178,0.0711,0.0160,0.0034,0.0846
0.0041,0.0052,0.0042,0.0053,0.0049,0.0040,0.0036,0.0038,0.0040,0.0089,0.0039,0.0098,0.0056,0.0105,0.0168,0.0006,0.0160,0.2244,0.2366,0.0007
0.0030,0.0042,0.0024,0.0031,0.0022,0.0038,0.0028,0.0046,0.0038,0.0026,0.0030,0.0050,0.0073,0.0107,0.0161,0.0110,0.0034,0.2366,0.1018,0.0450
0.0029,0.0033,0.0026,0.0041,0.0037,0.0048,0.0023,0.0037,0.0064,0.0057,0.0081,0.0095,0.0088,0.0122,0.0145,0.0176,0.0846,0.0007,0.0450,0.0306