c1,c2,c3,c4,c5,c6,c7,c8,c9,c10,c11,c12,c13,c14,c15
0.0087,0.1142,0.0001,0.0021,0.0158,0.0066,0.0120,0.0226,0.0063,0.0107,0.0085,0.0184,0.0043,0.0061,0.0043
0.1142,0.0833,0.0470,0.0001,0.0125,0.0036,0.0032,0.0107,0.0127,0.0048,0.0041,0.0048,0.0030,0.0056,0.0027
0.0001,0.0470,0.0239,0.0182,0.0007,0.0130,0.0276,0.0075,0.0199,0.0122,0.0091,0.0071,0.0040,0.0067,0.0046
0.0021,0.0001,0.0182,0.0777,0.0469,0.0013,0.0253,0.0104,0.0122,0.0101,0.0076,0.0082,0.0052,0.0052,0.0040
0.0158,0.0125,0.0007,0.0469,0.1496,0.0473,0.0002,0.0092,0.0103,0.0030,0.0073,0.0051,0.0045,0.0033,0.0029
0.0066,0.0036,0.0130,0.0013,0.0473,0.2272,0.0174,0.0004,0.0199,0.0070,0.0029,0.0064,0.0038,0.0073,0.0022
0.0120,0.0032,0.0276,0.0253,0.0002,0.0174,0.0978,0.0138,0.0008,0.0076,0.0047,0.0033,0.0070,0.0093,0.0060
0.0226,0.0107,0.0075,0.0104,0.0092,0.0004,0.0138,0.0544,0.0134,0.0004,0.0064,0.0036,0.0069,0.0130,0.0116
0.0063,0.0127,0.0199,0.0122,0.0103,0.0199,0.0008,0.0134,0.0160,0.0233,0.0004,0.0037,0.0108,0.0040,0.0063
0.0107,0.0048,0.0122,0.0101,0.0030,0.0070,0.0076,0.0004,0.0233,0.0317,0.0237,0.0013,0.0108,0.0070,0.0093
0.0085,0.0041,0.0091,0.0076,0.0073,0.0029,0.0047,0.0064,0.0004,0.0237,0.0404,0.0179,0.0036,0.0077,0.0221
0.0184,0.0048,0.0071,0.0082,0.0051,0.0064,0.0033,0.0036,0.0037,0.0013,0.0179,0.0432,0.0320,0.0012,0.0215
0.0043,0.0030,0.0040,0.0052,0.0045,0.0038,0.0070,0.0069,0.0108,0.0108,0.0036,0.0320,0.0091,0.0177,0.0126
0.0061,0.0056,0.0067,0.0052,0.0033,0.0073,0.0093,0.0130,0.0040,0.0070,0.0077,0.0012,0.0177,0.1095,0.0033
0.0043,0.0027,0.0046,0.0040,0.0029,0.0022,0.0060,0.0116,0.0063,0.0093,0.0221,0.0215,0.0126,0.0033,0.0523