c1,c2,c3,c4,c5,c6,c7,c8,c9,c10,c11,c12,c13,c14,c15,c16,c17,c18,c19,c20,c21,c22
0.0000,6.0223,8.1451,11.2330,12.9328,9.5899,10.7996,15.4046,15.0928,13.2958,16.4872,19.6589,18.8918,19.3880,22.5409,24.3099,23.9595,25.9890,28.6959,29.0306,29.4663,32.5031
6.0223,0.0000,5.8514,8.1795,9.0613,4.6522,5.5019,10.0661,9.5462,7.3494,10.6622,13.7303,13.0214,13.6019,16.6145,18.3000,18.1610,20.1939,22.6951,23.1364,23.7882,26.6582
8.1451,5.8514,0.0000,5.1893,4.9504,4.5159,6.9456,9.1487,9.2181,10.3149,12.4501,14.1001,15.0171,16.7257,18.3237,19.4487,20.7940,22.9036,24.2309,24.9968,26.6605,29.0561
11.2330,8.1795,5.1893,0.0000,5.3539,7.3020,5.5123,6.7719,9.8929,10.8671,10.5308,12.7615,15.2869,15.8827,16.3349,18.4513,20.4947,21.4540,22.6015,24.4540,26.1687,27.5394
12.9328,9.0613,4.9504,5.3539,0.0000,5.3757,7.2122,6.0261,6.4498,9.8046,10.6640,10.7507,12.9617,15.3137,15.6814,16.2492,18.7095,20.7369,21.0851,22.1317,24.5155,26.4069
9.5899,4.6522,4.5159,7.3020,5.3757,0.0000,5.4479,7.4342,5.5926,6.1891,9.5133,10.8541,10.7355,12.8635,15.0131,15.7022,16.5566,19.1271,20.6126,20.8901,22.4209,25.2236
10.7996,5.5019,6.9456,5.5123,7.2122,5.4479,0.0000,5.2806,7.4090,5.9320,6.1848,9.7310,10.9737,10.8451,12.4288,14.8615,15.8395,16.8953,18.8977,20.3867,21.4591,23.2862
15.4046,10.0661,9.1487,6.7719,6.0261,7.4342,5.2806,0.0000,5.4618,7.3398,5.2879,6.0598,9.6722,10.6062,10.0758,11.7823,14.4835,15.4402,15.9738,17.9210,20.0330,21.1725
15.0928,9.5462,9.2181,9.8929,6.4498,5.5926,7.4090,5.4618,0.0000,5.3876,7.2604,5.9826,6.6424,10.0592,11.0291,10.6267,12.5306,15.3284,15.7987,16.0577,18.3538,20.8465
13.2958,7.3494,10.3149,10.8671,9.8046,6.1891,5.9320,7.3398,5.3876,0.0000,5.4423,7.5634,5.8080,6.8189,10.0399,11.1627,10.8943,13.2919,15.5726,15.7919,16.6417,19.5565
16.4872,10.6622,12.4501,10.5308,10.6640,9.5133,6.1848,5.2879,7.2604,5.4423,0.0000,5.2263,7.1880,5.7632,6.2562,9.3881,10.6532,10.9451,12.8325,14.8554,15.9591,17.2042
19.6589,13.7303,14.1001,12.7615,10.7507,10.8541,9.7310,6.0598,5.9826,7.5634,5.2263,0.0000,5.5600,7.2950,5.6541,5.7479,9.2234,10.6052,10.3376,11.9417,14.5234,15.7415
18.8918,13.0214,15.0171,15.2869,12.9617,10.7355,10.9737,9.6722,6.6424,5.8080,7.1880,5.5600,0.0000,5.3134,7.5119,6.2084,6.0209,9.7424,10.9715,10.2619,11.8701,15.1009
19.3880,13.6019,16.7257,15.8827,15.3137,12.8635,10.8451,10.6062,10.0592,6.8189,5.7632,7.2950,5.3134,0.0000,5.2512,7.4984,5.8089,6.6361,10.0769,10.9077,10.8204,13.1202
22.5409,16.6145,18.3237,16.3349,15.6814,15.0131,12.4288,10.0758,11.0291,10.0399,6.2562,5.6541,7.5119,5.2512,0.0000,5.1838,7.1705,5.7106,6.7427,9.8628,11.1876,11.2429
24.3099,18.3000,19.4487,18.4513,16.2492,15.7022,14.8615,11.7823,10.6267,11.1627,9.3881,5.7479,6.2084,7.4984,5.1838,0.0000,5.4529,7.0833,5.4012,6.2884,9.5105,10.7230
23.9595,18.1610,20.7940,20.4947,18.7095,16.5566,15.8395,14.4835,12.5306,10.8943,10.6532,9.2234,6.0209,5.8089,7.1705,5.4529,0.0000,5.3035,7.2292,5.5692,5.8849,9.6280
25.9890,20.1939,22.9036,21.4540,20.7369,19.1271,16.8953,15.4402,15.3284,13.2919,10.9451,10.6052,9.7424,6.6361,5.7106,7.0833,5.3035,0.0000,5.3361,7.3004,6.3864,6.6109
28.6959,22.6951,24.2309,22.6015,21.0851,20.6126,18.8977,15.9738,15.7987,15.5726,12.8325,10.3376,10.9715,10.0769,6.7427,5.4012,7.2292,5.3361,0.0000,5.3184,7.6401,5.9602
29.0306,23.1364,24.9968,24.4540,22.1317,20.8901,20.3867,17.9210,16.0577,15.7919,14.8554,11.9417,10.2619,10.9077,9.8628,6.2884,5.5692,7.3004,5.3184,0.0000,4.8416,7.1467
29.4663,23.7882,26.6605,26.1687,24.5155,22.4209,21.4591,20.0330,18.3538,16.6417,15.9591,14.5234,11.8701,10.8204,11.1876,9.5105,5.8849,6.3864,7.6401,4.8416,0.0000,5.9212
32.5031,26.6582,29.0561,27.5394,26.4069,25.2236,23.2862,21.1725,20.8465,19.5565,17.2042,15.7415,15.1009,13.1202,11.2429,10.7230,9.6280,6.6109,5.9602,7.1467,5.9212,0.0000